{"cameraMode":{"drawMode":0,"name":"Shaded","section":"Shading Mode"},"sceneLighting":false,"audioPlay":false,"sceneViewState":{"m_AlwaysRefresh":false,"showFog":true,"showSkybox":false,"showFlares":true,"showImageEffects":true,"showParticleSystems":true,"showVisualEffectGraphs":true,"m_FxEnabled":true},"in2DMode":false,"pivot":{"x":0.10028491169214249,"y":0.09438034147024155,"z":-1.6203389167785645},"rotation":{"x":0.21812787652015687,"y":0.43096381425857546,"z":-0.10984192043542862,"w":0.8692290186882019},"size":1.4172176122665406,"orthographic":false}