{"cameraMode":{"drawMode":0,"name":"Shaded","section":"Shading Mode"},"sceneLighting":false,"audioPlay":false,"sceneViewState":{"m_AlwaysRefresh":false,"showFog":true,"showSkybox":false,"showFlares":true,"showImageEffects":true,"showParticleSystems":true,"showVisualEffectGraphs":true,"m_FxEnabled":true},"in2DMode":false,"pivot":{"x":10.295391082763672,"y":1.5942363739013672,"z":-1.7662343978881837},"rotation":{"x":0.06704159080982208,"y":0.6491292715072632,"z":-0.057597123086452487,"w":0.7555286884307861},"size":7.408006191253662,"orthographic":false}