{"cameraMode":{"drawMode":0,"name":"Shaded","section":"Shading Mode"},"sceneLighting":true,"audioPlay":false,"sceneViewState":{"m_AlwaysRefresh":false,"showFog":true,"showSkybox":false,"showFlares":true,"showImageEffects":true,"showParticleSystems":true,"showVisualEffectGraphs":true,"m_FxEnabled":true},"in2DMode":false,"pivot":{"x":0.24018549919128419,"y":1.854567289352417,"z":-1.3104803562164307},"rotation":{"x":-0.006467611528933048,"y":0.9928566217422485,"z":-0.06145194545388222,"w":-0.10500724613666535},"size":1.830053687095642,"orthographic":false}