{"cameraMode":{"drawMode":0,"name":"Shaded","section":"Shading Mode"},"sceneLighting":true,"audioPlay":false,"sceneViewState":{"m_AlwaysRefresh":false,"showFog":true,"showSkybox":false,"showFlares":true,"showImageEffects":true,"showParticleSystems":true,"showVisualEffectGraphs":true,"m_FxEnabled":true},"in2DMode":false,"pivot":{"x":0.014198780059814453,"y":21.021018981933595,"z":-1.9474716186523438},"rotation":{"x":0.08110304921865463,"y":0.9084547162055969,"z":-0.2082408368587494,"w":0.35406896471977236},"size":7.306270122528076,"orthographic":false}