{"cameraMode":{"drawMode":0,"name":"Shaded","section":"Shading Mode"},"sceneLighting":false,"audioPlay":false,"sceneViewState":{"m_AlwaysRefresh":false,"showFog":true,"showSkybox":false,"showFlares":true,"showImageEffects":true,"showParticleSystems":true,"showVisualEffectGraphs":true,"m_FxEnabled":true},"in2DMode":false,"pivot":{"x":-17.365291595458986,"y":40.742523193359378,"z":-44.79414367675781},"rotation":{"x":0.07317712157964707,"y":0.6429916620254517,"z":-0.061911750584840778,"w":0.7598534226417542},"size":14.25261116027832,"orthographic":false}