{"cameraMode":{"drawMode":0,"name":"Shaded","section":"Shading Mode"},"sceneLighting":false,"audioPlay":false,"sceneViewState":{"m_AlwaysRefresh":false,"showFog":true,"showSkybox":false,"showFlares":true,"showImageEffects":true,"showParticleSystems":true,"showVisualEffectGraphs":true,"m_FxEnabled":true},"in2DMode":false,"pivot":{"x":0.8549900054931641,"y":-0.07287496328353882,"z":-0.7592244148254395},"rotation":{"x":0.04109480604529381,"y":0.9199085235595703,"z":-0.10001959651708603,"w":0.3777269124984741},"size":1.8538278341293336,"orthographic":false}