{"cameraMode":{"drawMode":0,"name":"Shaded","section":"Shading Mode"},"sceneLighting":false,"audioPlay":false,"sceneViewState":{"m_AlwaysRefresh":false,"showFog":true,"showSkybox":false,"showFlares":true,"showImageEffects":true,"showParticleSystems":true,"showVisualEffectGraphs":true,"m_FxEnabled":true},"in2DMode":false,"pivot":{"x":12.553173065185547,"y":21.047033309936525,"z":-3.3718032836914064},"rotation":{"x":0.24342301487922669,"y":0.10912282019853592,"z":-0.02756659872829914,"w":0.9633581638336182},"size":1.0314509868621827,"orthographic":false}