{"cameraMode":{"drawMode":0,"name":"Shaded","section":"Shading Mode"},"sceneLighting":false,"audioPlay":false,"sceneViewState":{"m_AlwaysRefresh":false,"showFog":true,"showSkybox":false,"showFlares":true,"showImageEffects":true,"showParticleSystems":true,"showVisualEffectGraphs":true,"m_FxEnabled":true},"in2DMode":false,"pivot":{"x":0.7785576581954956,"y":0.4066200852394104,"z":0.19777259230613709},"rotation":{"x":0.030675740912556649,"y":0.7081217765808106,"z":-0.03082151710987091,"w":0.7047368884086609},"size":0.7619447708129883,"orthographic":false}