{"cameraMode":{"drawMode":0,"name":"Shaded","section":"Shading Mode"},"sceneLighting":false,"audioPlay":false,"sceneViewState":{"m_AlwaysRefresh":false,"showFog":true,"showSkybox":false,"showFlares":true,"showImageEffects":true,"showParticleSystems":true,"showVisualEffectGraphs":true,"m_FxEnabled":true},"in2DMode":false,"pivot":{"x":-16.540340423583986,"y":19.224769592285158,"z":-12.505839347839356},"rotation":{"x":0.08025990426540375,"y":-0.750628650188446,"z":0.09279761463403702,"w":0.6492332220077515},"size":11.932191848754883,"orthographic":false}