{"cameraMode":{"drawMode":0,"name":"Shaded","section":"Shading Mode"},"sceneLighting":false,"audioPlay":false,"sceneViewState":{"m_AlwaysRefresh":false,"showFog":true,"showSkybox":false,"showFlares":true,"showImageEffects":true,"showParticleSystems":true,"showVisualEffectGraphs":true,"m_FxEnabled":true},"in2DMode":false,"pivot":{"x":0.3970976173877716,"y":0.13211530447006226,"z":0.05206558108329773},"rotation":{"x":0.11024852842092514,"y":0.8169180750846863,"z":-0.1664455682039261,"w":0.5410782694816589},"size":0.7619447708129883,"orthographic":false}