{"cameraMode":{"drawMode":0,"name":"Shaded","section":"Shading Mode"},"sceneLighting":false,"audioPlay":false,"sceneViewState":{"m_AlwaysRefresh":false,"showFog":true,"showSkybox":false,"showFlares":true,"showImageEffects":true,"showParticleSystems":true,"showVisualEffectGraphs":true,"m_FxEnabled":true},"in2DMode":false,"pivot":{"x":6.314445495605469,"y":20.038436889648439,"z":-12.862804412841797},"rotation":{"x":0.08234962075948715,"y":-0.037068404257297519,"z":0.0030675334855914118,"w":0.9959081411361694},"size":2.1726818084716799,"orthographic":false}